{
    "loss": 0.7317346334457397,
    "accuracy": 0.9268292784690857
}